feature_set,model,n_features,cv_acc,train_acc,test_acc,macro_f1,recall_loss,recall_draw,recall_win,draw_pred_share,best_params
F1,GDA,2,0.5725610452313765,0.5735488126649076,0.5704874835309618,0.4178168498168498,0.5681818181818182,0.0,0.8774928774928775,0.0,"{""clf__reg_param"": ""0.9""}"
F1,SVM (linear),2,0.5709103365031727,0.5699208443271768,0.5744400527009222,0.42289295728187365,0.6,0.0,0.8660968660968661,0.0,"{""clf__C"": ""0.01""}"
F1,SVM (poly5),2,0.5214369212868569,0.5217678100263852,0.5151515151515151,0.3234900595325383,0.19545454545454546,0.0,0.9914529914529915,0.0,"{""clf__C"": ""1""}"
F1,SVM (RBF),2,0.5676089190467646,0.5722295514511874,0.5757575757575758,0.4375871454594084,0.5772727272727273,0.026595744680851064,0.8689458689458689,0.015810276679841896,"{""clf__C"": ""1""}"
F1,SoftMax (linear),2,0.5712398257947705,0.5715699208443272,0.5744400527009222,0.42237130260428407,0.5954545454545455,0.0,0.8689458689458689,0.0,"{""clf__C"": ""0.01""}"
F1,SoftMax (quad),2,0.5709108802148749,0.5722295514511874,0.5718050065876152,0.41947386583844337,0.5818181818181818,0.0,0.8717948717948718,0.0,"{""clf__C"": ""0.01""}"
F1,NN (1 hidden),2,0.5689312259067751,0.5695910290237467,0.5718050065876152,0.44323697198815876,0.5954545454545455,0.03723404255319149,0.8433048433048433,0.03162055335968379,"{""clf__alpha"": ""0.1"", ""clf__hidden_layer_sizes"": ""(16,)""}"
F2,GDA,10,0.5669504841752708,0.5735488126649076,0.5625823451910409,0.43485501606011984,0.6227272727272727,0.026595744680851064,0.811965811965812,0.03557312252964427,"{""clf__reg_param"": ""0.5""}"
F2,SVM (linear),10,0.5765149167305529,0.5788258575197889,0.5704874835309618,0.42104929836484056,0.6181818181818182,0.0,0.8461538461538461,0.0,"{""clf__C"": ""0.1""}"
F2,SVM (poly5),10,0.5234154881715519,0.5488126649076517,0.5032938076416338,0.3117251956725764,0.18181818181818182,0.0,0.9743589743589743,0.0013175230566534915,"{""clf__C"": ""0.1""}"
F2,SVM (RBF),10,0.5643183758244029,0.5758575197889182,0.5612648221343873,0.40953311921053853,0.5545454545454546,0.0,0.8660968660968661,0.0,"{""clf__C"": ""0.1""}"
F2,SoftMax (linear),10,0.5755280799908655,0.5755277044854882,0.5704874835309618,0.4207448037235271,0.6045454545454545,0.0,0.8547008547008547,0.003952569169960474,"{""clf__C"": ""0.01""}"
F2,SoftMax (quad),10,0.5666237134421844,0.5742084432717678,0.5678524374176548,0.41976460615545125,0.509090909090909,0.015957446808510637,0.9002849002849003,0.005270092226613966,"{""clf__C"": ""0.001""}"
F2,NN (1 hidden),10,0.5610196769265066,0.5590369393139841,0.544137022397892,0.44496732193572147,0.6272727272727273,0.06914893617021277,0.7464387464387464,0.07378129117259552,"{""clf__alpha"": ""1.0"", ""clf__hidden_layer_sizes"": ""(32,)""}"
F3,GDA,280,0.5161661800446933,0.6414907651715039,0.4914361001317523,0.46828722395980876,0.5,0.34574468085106386,0.5641025641025641,0.2779973649538867,"{""clf__reg_param"": ""0.9""}"
F3,SVM (linear),280,0.5600274030697963,0.6306068601583114,0.538866930171278,0.45678673078810483,0.4954545454545455,0.14361702127659576,0.7777777777777778,0.1080368906455863,"{""clf__C"": ""0.01""}"
F3,SVM (poly5),280,0.4759260769569543,0.6777704485488126,0.4795783926218709,0.2879644228006387,0.11818181818181818,0.015957446808510637,0.9544159544159544,0.017127799736495388,"{""clf__C"": ""1""}"
F3,SVM (RBF),280,0.5659685408409045,0.7770448548812665,0.5401844532279315,0.42917076828509715,0.4727272727272727,0.07446808510638298,0.8319088319088319,0.061923583662714096,"{""clf__C"": ""1""}"
F3,SoftMax (linear),280,0.5659701719760115,0.5953166226912929,0.5401844532279315,0.42407899921197795,0.5136363636363637,0.05319148936170213,0.8176638176638177,0.04743083003952569,"{""clf__C"": ""0.001""}"
F3,NN (1 hidden),280,0.5339814376824832,0.679089709762533,0.5230566534914362,0.45828143697089807,0.4772727272727273,0.19148936170212766,0.7293447293447294,0.16469038208168643,"{""clf__alpha"": ""1.0"", ""clf__hidden_layer_sizes"": ""(8,)""}"
