feature_set,model,n_features,cv_acc,train_acc,test_acc,macro_f1,recall_loss,recall_draw,recall_win,draw_pred_share,best_params
F1,GDA,2,0.5725610452313765,0.5735488126649076,0.5704874835309618,0.4178168498168498,0.5681818181818182,0.0,0.8774928774928775,0.0,"{""clf__reg_param"": ""0.9""}"
F1,SVM (linear),2,0.5415645847945585,0.5408970976253298,0.5046113306982872,0.4771562881437408,0.5909090909090909,0.2712765957446808,0.5754985754985755,0.2766798418972332,"{""clf__C"": ""1""}"
F1,SVM (poly5),2,0.3509180572093453,0.3558707124010554,0.3254281949934124,0.282625865675766,0.1409090909090909,0.9361702127659575,0.11396011396011396,0.8814229249011858,"{""clf__C"": ""1""}"
F1,SVM (RBF),2,0.5353026571190891,0.5415567282321899,0.4914361001317523,0.4747581647297336,0.5454545454545454,0.32978723404255317,0.5441595441595442,0.32938076416337286,"{""clf__C"": ""1""}"
F1,SoftMax (linear),2,0.5517885396447388,0.5577176781002638,0.538866930171278,0.4686769459066535,0.6818181818181818,0.1276595744680851,0.6695156695156695,0.13570487483530963,"{""clf__C"": ""0.001""}"
F1,SoftMax (quad),2,0.5418989674914773,0.5451846965699209,0.4888010540184453,0.46996995687442183,0.5636363636363636,0.30319148936170215,0.5413105413105413,0.31752305665349145,"{""clf__C"": ""1""}"
F1,NN (1 hidden),2,0.5689312259067751,0.5695910290237467,0.5718050065876152,0.44323697198815876,0.5954545454545455,0.03723404255319149,0.8433048433048433,0.03162055335968379,"{""clf__alpha"": ""0.1"", ""clf__hidden_layer_sizes"": ""(16,)""}"
F2,GDA,10,0.5669504841752708,0.5735488126649076,0.5625823451910409,0.43485501606011984,0.6227272727272727,0.026595744680851064,0.811965811965812,0.03557312252964427,"{""clf__reg_param"": ""0.5""}"
F2,SVM (linear),10,0.5504618830911098,0.5623350923482849,0.5243741765480896,0.49660884484657625,0.5681818181818182,0.3191489361702128,0.6068376068376068,0.2753623188405797,"{""clf__C"": ""0.01""}"
F2,SVM (poly5),10,0.4195301243468664,0.5412269129287599,0.4150197628458498,0.40743337405158025,0.24545454545454545,0.7180851063829787,0.358974358974359,0.6482213438735178,"{""clf__C"": ""1""}"
F2,SVM (RBF),10,0.5385937440531532,0.5966358839050132,0.5072463768115942,0.4850634399115157,0.5636363636363636,0.324468085106383,0.5698005698005698,0.29907773386034253,"{""clf__C"": ""1""}"
F2,SoftMax (linear),10,0.559367880774898,0.5646437994722955,0.5375494071146245,0.48640922498095174,0.65,0.20212765957446807,0.6467236467236467,0.17918313570487485,"{""clf__C"": ""0.001""}"
F2,SoftMax (quad),10,0.5329782895917269,0.5567282321899736,0.5270092226613966,0.5044952914220114,0.5681818181818182,0.35638297872340424,0.5925925925925926,0.2977602108036891,"{""clf__C"": ""0.01""}"
F2,NN (1 hidden),10,0.5610196769265066,0.5590369393139841,0.544137022397892,0.44496732193572147,0.6272727272727273,0.06914893617021277,0.7464387464387464,0.07378129117259552,"{""clf__alpha"": ""1.0"", ""clf__hidden_layer_sizes"": ""(32,)""}"
F3,GDA,280,0.5158361470413928,0.6421503957783641,0.4914361001317523,0.46832105111976147,0.5,0.34574468085106386,0.5641025641025641,0.27931488801054016,"{""clf__reg_param"": ""0.9""}"
F3,SVM (linear),280,0.5158404967350112,0.6134564643799473,0.4901185770750988,0.47251112439396953,0.5363636363636364,0.3617021276595745,0.5299145299145299,0.30566534914361,"{""clf__C"": ""0.01""}"
F3,SVM (poly5),280,0.5042947787365227,0.887203166226913,0.5138339920948617,0.38859941851547514,0.23636363636363636,0.11170212765957446,0.9031339031339032,0.08695652173913043,"{""clf__C"": ""1""}"
F3,SVM (RBF),280,0.5329815518619407,0.9993403693931399,0.5151515151515151,0.45561275055460865,0.4727272727272727,0.19680851063829788,0.7122507122507122,0.18840579710144928,"{""clf__C"": ""10""}"
F3,SoftMax (linear),280,0.5343109269740813,0.5867414248021108,0.5032938076416338,0.4800905883587084,0.5363636363636364,0.34574468085106386,0.5669515669515669,0.2740447957839262,"{""clf__C"": ""0.001""}"
F3,NN (1 hidden),280,0.5339814376824832,0.679089709762533,0.5230566534914362,0.45828143697089807,0.4772727272727273,0.19148936170212766,0.7293447293447294,0.16469038208168643,"{""clf__alpha"": ""1.0"", ""clf__hidden_layer_sizes"": ""(8,)""}"
