feature_set,model,seed,acc,macro_f1,recall_loss,recall_draw,recall_win,draw_pred_share
F1,GDA,0,0.5718050065876152,0.42424712369108036,0.6090909090909091,0.0,0.8547008547008547,0.0
F1,GDA,1,0.5704874835309618,0.4195133083803823,0.5772727272727273,0.0,0.8717948717948718,0.0
F1,GDA,2,0.5573122529644269,0.40355955290252793,0.5272727272727272,0.0,0.8746438746438746,0.0
F1,GDA,3,0.5599472990777339,0.41144724496600976,0.5818181818181818,0.0,0.8461538461538461,0.0
F1,GDA,4,0.5599472990777339,0.4114437250758846,0.5681818181818182,0.0,0.8547008547008547,0.0
F1,SVM (linear),0,0.5731225296442688,0.42589489363682914,0.6181818181818182,0.0,0.8518518518518519,0.0
F1,SVM (linear),1,0.5691699604743083,0.4184615384615385,0.5772727272727273,0.0,0.8689458689458689,0.0
F1,SVM (linear),2,0.5533596837944664,0.40038314176245215,0.5227272727272727,0.0,0.8689458689458689,0.0
F1,SVM (linear),3,0.5638998682476943,0.4156001331275907,0.6,0.0,0.8433048433048433,0.0
F1,SVM (linear),4,0.5559947299077734,0.40877618248492764,0.5727272727272728,0.0,0.8433048433048433,0.0
F1,SVM (poly5),0,0.5362318840579711,0.3592710616915648,0.2772727272727273,0.0,0.9857549857549858,0.0
F1,SVM (poly5),1,0.5217391304347826,0.34090212661641234,0.2409090909090909,0.0,0.9772079772079773,0.0
F1,SVM (poly5),2,0.5125164690382081,0.3236774267338841,0.20454545454545456,0.0,0.98005698005698,0.0
F1,SVM (poly5),3,0.5125164690382081,0.3319396418589584,0.2318181818181818,0.0,0.9629629629629629,0.0
F1,SVM (poly5),4,0.5230566534914362,0.3429678757608013,0.24545454545454545,0.0,0.9772079772079773,0.0
F1,SVM (RBF),0,0.5704874835309618,0.43197108320344807,0.6181818181818182,0.010638297872340425,0.8404558404558404,0.014492753623188406
F1,SVM (RBF),1,0.5678524374176548,0.42827773643394007,0.5636363636363636,0.02127659574468085,0.8632478632478633,0.010540184453227932
F1,SVM (RBF),2,0.5546772068511199,0.41070602566367387,0.5136363636363637,0.015957446808510637,0.8689458689458689,0.011857707509881422
F1,SVM (RBF),3,0.5546772068511199,0.4186376348696559,0.5727272727272728,0.015957446808510637,0.8319088319088319,0.019762845849802372
F1,SVM (RBF),4,0.549407114624506,0.4175807334428024,0.5636363636363636,0.02127659574468085,0.8233618233618234,0.019762845849802372
F1,SoftMax (linear),0,0.5757575757575758,0.42840535684880837,0.6409090909090909,0.0,0.8433048433048433,0.0
F1,SoftMax (linear),1,0.5731225296442688,0.42263749801303446,0.6,0.0,0.8632478632478633,0.0
F1,SoftMax (linear),2,0.5599472990777339,0.40793336632030347,0.5545454545454546,0.0,0.8632478632478633,0.0
F1,SoftMax (linear),3,0.5612648221343873,0.41415622489862186,0.6090909090909091,0.0,0.8319088319088319,0.0
F1,SoftMax (linear),4,0.5507246376811594,0.4056573449051752,0.5818181818181818,0.0,0.8262108262108262,0.0
F1,SoftMax (quad),0,0.5757575757575758,0.4275276265874979,0.6272727272727273,0.0,0.8518518518518519,0.0
F1,SoftMax (quad),1,0.5731225296442688,0.42319508448540705,0.6,0.0,0.8632478632478633,0.0
F1,SoftMax (quad),2,0.5586297760210803,0.4058714749186847,0.5409090909090909,0.0,0.8689458689458689,0.0
F1,SoftMax (quad),3,0.5612648221343873,0.4140860572195195,0.6045454545454545,0.0,0.8347578347578347,0.0
F1,SoftMax (quad),4,0.5507246376811594,0.4053703571220056,0.5772727272727273,0.0,0.8290598290598291,0.0
F1,NN (1 hidden),0,0.5704874835309618,0.4247049674930247,0.6136363636363636,0.0,0.8490028490028491,0.006587615283267457
F1,NN (1 hidden),1,0.5652173913043478,0.4134253546998378,0.4954545454545455,0.005319148936170213,0.9088319088319088,0.005270092226613966
F1,NN (1 hidden),2,0.544137022397892,0.3955953345222812,0.45454545454545453,0.010638297872340425,0.886039886039886,0.013175230566534914
F1,NN (1 hidden),3,0.5546772068511199,0.4287290076763761,0.6181818181818182,0.026595744680851064,0.7977207977207977,0.028985507246376812
F1,NN (1 hidden),4,0.549407114624506,0.3995790165809178,0.4590909090909091,0.005319148936170213,0.8974358974358975,0.007905138339920948
F2,GDA,0,0.5902503293807642,0.4648856912298651,0.6954545454545454,0.03723404255319149,0.8205128205128205,0.030303030303030304
F2,GDA,1,0.5757575757575758,0.45391873730624327,0.6545454545454545,0.0425531914893617,0.811965811965812,0.03162055335968379
F2,GDA,2,0.5520421607378129,0.42334290088636467,0.5954545454545455,0.026595744680851064,0.8062678062678063,0.025032938076416336
F2,GDA,3,0.546772068511199,0.420234337266897,0.6318181818181818,0.015957446808510637,0.7777777777777778,0.03293807641633729
F2,GDA,4,0.5678524374176548,0.4457599068879299,0.65,0.03723404255319149,0.8005698005698005,0.034255599472990776
F2,SVM (linear),0,0.5902503293807642,0.44468463646208417,0.6772727272727272,0.005319148936170213,0.8490028490028491,0.003952569169960474
F2,SVM (linear),1,0.5718050065876152,0.43128517235725433,0.6454545454545455,0.010638297872340425,0.8262108262108262,0.005270092226613966
F2,SVM (linear),2,0.5507246376811594,0.403927498538277,0.5818181818181818,0.0,0.8262108262108262,0.0
F2,SVM (linear),3,0.5599472990777339,0.4158855300282145,0.6318181818181818,0.0,0.8148148148148148,0.003952569169960474
F2,SVM (linear),4,0.5638998682476943,0.4188424814108753,0.6090909090909091,0.0,0.8376068376068376,0.00922266139657444
F2,SVM (poly5),0,0.5362318840579711,0.36248283688664035,0.2909090909090909,0.0,0.9772079772079773,0.002635046113306983
F2,SVM (poly5),1,0.5177865612648221,0.3344037538993892,0.22727272727272727,0.0,0.9772079772079773,0.003952569169960474
F2,SVM (poly5),2,0.5177865612648221,0.3352116378561041,0.23636363636363636,0.0,0.9715099715099715,0.0013175230566534915
F2,SVM (poly5),3,0.5164690382081687,0.33987141488437794,0.25,0.0,0.9601139601139601,0.003952569169960474
F2,SVM (poly5),4,0.5243741765480896,0.3476025495454403,0.2590909090909091,0.0,0.9715099715099715,0.002635046113306983
F2,SVM (RBF),0,0.5797101449275363,0.4302515314345787,0.6227272727272727,0.0,0.8632478632478633,0.0
F2,SVM (RBF),1,0.5665349143610013,0.41624579124579125,0.5681818181818182,0.0,0.8689458689458689,0.0
F2,SVM (RBF),2,0.5599472990777339,0.40701332591532874,0.5454545454545454,0.0,0.8689458689458689,0.0
F2,SVM (RBF),3,0.5559947299077734,0.4082651072124756,0.5772727272727273,0.0,0.8404558404558404,0.0
F2,SVM (RBF),4,0.5718050065876152,0.4220026104792094,0.6,0.0,0.8603988603988604,0.0
F2,SoftMax (linear),0,0.5889328063241107,0.4434557922590219,0.6772727272727272,0.005319148936170213,0.8461538461538461,0.003952569169960474
F2,SoftMax (linear),1,0.5731225296442688,0.4340719467208041,0.6227272727272727,0.015957446808510637,0.8404558404558404,0.00922266139657444
F2,SoftMax (linear),2,0.5559947299077734,0.4080945032690522,0.5863636363636363,0.0,0.8347578347578347,0.0013175230566534915
F2,SoftMax (linear),3,0.5612648221343873,0.416653637690223,0.6181818181818182,0.0,0.8262108262108262,0.007905138339920948
F2,SoftMax (linear),4,0.5731225296442688,0.43239789813021723,0.6318181818181818,0.010638297872340425,0.8376068376068376,0.011857707509881422
F2,SoftMax (quad),0,0.5731225296442688,0.4283433622110156,0.5681818181818182,0.010638297872340425,0.8774928774928775,0.002635046113306983
F2,SoftMax (quad),1,0.5731225296442688,0.4284337504914732,0.5454545454545454,0.015957446808510637,0.8888888888888888,0.005270092226613966
F2,SoftMax (quad),2,0.5520421607378129,0.401662267471091,0.5,0.005319148936170213,0.8774928774928775,0.005270092226613966
F2,SoftMax (quad),3,0.5599472990777339,0.4176833776989057,0.5363636363636364,0.015957446808510637,0.8660968660968661,0.010540184453227932
F2,SoftMax (quad),4,0.5718050065876152,0.42257766920101164,0.5545454545454546,0.005319148936170213,0.886039886039886,0.006587615283267457
F2,NN (1 hidden),0,0.5718050065876152,0.4583158864107489,0.6681818181818182,0.05319148936170213,0.7891737891737892,0.039525691699604744
F2,NN (1 hidden),1,0.5428194993412385,0.44862647899587954,0.6090909090909091,0.0851063829787234,0.7464387464387464,0.07246376811594203
F2,NN (1 hidden),2,0.5520421607378129,0.4520268763243002,0.6181818181818182,0.07446808510638298,0.7663817663817664,0.07378129117259552
F2,NN (1 hidden),3,0.546772068511199,0.43466788182577654,0.6227272727272727,0.047872340425531915,0.7663817663817664,0.04216073781291173
F2,NN (1 hidden),4,0.5270092226613966,0.4460990691375646,0.6136363636363636,0.11170212765957446,0.6951566951566952,0.0764163372859025
F3,GDA,0,0.5296442687747036,0.5009394251988025,0.6045454545454545,0.30851063829787234,0.6011396011396012,0.2516469038208169
F3,GDA,1,0.5019762845849802,0.47431241367747906,0.5409090909090909,0.30851063829787234,0.5811965811965812,0.2608695652173913
F3,GDA,2,0.5270092226613966,0.49040474615980933,0.5181818181818182,0.30851063829787234,0.6495726495726496,0.22793148880105402
F3,GDA,3,0.49407114624505927,0.4631348695275636,0.5136363636363637,0.2765957446808511,0.5982905982905983,0.2503293807641634
F3,GDA,4,0.5151515151515151,0.4885962675973179,0.5363636363636364,0.3351063829787234,0.5982905982905983,0.25691699604743085
F3,SVM (linear),0,0.5520421607378129,0.4659480219316352,0.5681818181818182,0.11702127659574468,0.7749287749287749,0.09617918313570488
F3,SVM (linear),1,0.5665349143610013,0.4858517441310351,0.5590909090909091,0.15425531914893617,0.792022792022792,0.09090909090909091
F3,SVM (linear),2,0.5744400527009222,0.4786560686961144,0.5272727272727272,0.1276595744680851,0.8433048433048433,0.08959156785243742
F3,SVM (linear),3,0.5480895915678524,0.4564163059952189,0.5681818181818182,0.09574468085106383,0.7777777777777778,0.08432147562582346
F3,SVM (linear),4,0.5243741765480896,0.4277234344099233,0.4818181818181818,0.0851063829787234,0.7863247863247863,0.10013175230566534
F3,SVM (poly5),0,0.48089591567852435,0.30078738102812574,0.1409090909090909,0.02127659574468085,0.9401709401709402,0.023715415019762844
F3,SVM (poly5),1,0.4650856389986825,0.26363433837062605,0.09090909090909091,0.005319148936170213,0.9458689458689459,0.014492753623188406
F3,SVM (poly5),2,0.4782608695652174,0.2930682174210699,0.1318181818181818,0.015957446808510637,0.9430199430199431,0.025032938076416336
F3,SVM (poly5),3,0.4769433465085639,0.26501270450467357,0.07727272727272727,0.010638297872340425,0.9772079772079773,0.006587615283267457
F3,SVM (poly5),4,0.48089591567852435,0.29286640458424656,0.11818181818181818,0.02127659574468085,0.9544159544159544,0.03162055335968379
F3,SVM (RBF),0,0.5559947299077734,0.4452029985696347,0.5590909090909091,0.05319148936170213,0.8233618233618234,0.05928853754940711
F3,SVM (RBF),1,0.5533596837944664,0.4396464122946015,0.5318181818181819,0.06382978723404255,0.8290598290598291,0.04084321475625823
F3,SVM (RBF),2,0.5665349143610013,0.45298334135652024,0.5227272727272727,0.07446808510638298,0.8575498575498576,0.05006587615283267
F3,SVM (RBF),3,0.5612648221343873,0.45417742229969305,0.5772727272727273,0.06914893617021277,0.8148148148148148,0.05401844532279315
F3,SVM (RBF),4,0.5454545454545454,0.4285020687260251,0.5181818181818182,0.047872340425531915,0.8290598290598291,0.05006587615283267
F3,SoftMax (linear),0,0.5625823451910409,0.4430366859287231,0.5772727272727273,0.0425531914893617,0.8319088319088319,0.04479578392621871
F3,SoftMax (linear),1,0.5691699604743083,0.4682259535885338,0.5636363636363636,0.10106382978723404,0.8233618233618234,0.04479578392621871
F3,SoftMax (linear),2,0.5770750988142292,0.45932339612525147,0.5181818181818182,0.0797872340425532,0.8803418803418803,0.04084321475625823
F3,SoftMax (linear),3,0.5612648221343873,0.4399193534989784,0.55,0.047872340425531915,0.8433048433048433,0.034255599472990776
F3,SoftMax (linear),4,0.5375494071146245,0.40838474602725466,0.5272727272727272,0.015957446808510637,0.8233618233618234,0.034255599472990776
F3,NN (1 hidden),0,0.5520421607378129,0.4948381025120172,0.5863636363636363,0.2127659574468085,0.7122507122507122,0.13306982872200263
F3,NN (1 hidden),1,0.5059288537549407,0.45319710810920216,0.5545454545454546,0.19148936170212766,0.6438746438746439,0.14888010540184454
F3,NN (1 hidden),2,0.5507246376811594,0.4827693755461451,0.5181818181818182,0.19680851063829788,0.7606837606837606,0.12779973649538867
F3,NN (1 hidden),3,0.5335968379446641,0.44834163698981505,0.5590909090909091,0.10638297872340426,0.7464387464387464,0.09881422924901186
F3,NN (1 hidden),4,0.5098814229249012,0.4441147290610372,0.5363636363636364,0.15425531914893617,0.6837606837606838,0.1225296442687747
