feature_set,model,seed,acc,macro_f1,recall_loss,recall_draw,recall_win,draw_pred_share
F1,GDA,0,0.5718050065876152,0.42424712369108036,0.6090909090909091,0.0,0.8547008547008547,0.0
F1,GDA,1,0.5704874835309618,0.4195133083803823,0.5772727272727273,0.0,0.8717948717948718,0.0
F1,GDA,2,0.5573122529644269,0.40355955290252793,0.5272727272727272,0.0,0.8746438746438746,0.0
F1,SVM (linear),0,0.5586297760210803,0.5244449394556693,0.6363636363636364,0.30851063829787234,0.6438746438746439,0.2318840579710145
F1,SVM (linear),1,0.5204216073781291,0.49694000996994364,0.6,0.3191489361702128,0.5783475783475783,0.2872200263504611
F1,SVM (linear),2,0.5072463768115942,0.47805745875962974,0.5545454545454546,0.2872340425531915,0.5954415954415955,0.28063241106719367
F1,SVM (poly5),0,0.33992094861660077,0.3086519344482393,0.19545454545454546,0.9361702127659575,0.1111111111111111,0.8722002635046113
F1,SVM (poly5),1,0.33992094861660077,0.3041424588454833,0.16818181818181818,0.9414893617021277,0.12535612535612536,0.8682476943346509
F1,SVM (poly5),2,0.3425559947299078,0.30849034259015523,0.15454545454545454,0.9148936170212766,0.15384615384615385,0.8537549407114624
F1,SVM (RBF),0,0.5559947299077734,0.5275252056472424,0.6363636363636364,0.3351063829787234,0.6239316239316239,0.25428194993412384
F1,SVM (RBF),1,0.5151515151515151,0.49567539643602515,0.5545454545454546,0.35638297872340424,0.5754985754985755,0.31357048748353095
F1,SVM (RBF),2,0.5151515151515151,0.49039318285626976,0.4954545454545455,0.35638297872340424,0.6125356125356125,0.3201581027667984
F1,SoftMax (linear),0,0.5718050065876152,0.5039572851225073,0.7090909090909091,0.1702127659574468,0.7008547008547008,0.11198945981554677
F1,SoftMax (linear),1,0.541501976284585,0.47936776061776065,0.6818181818181818,0.1595744680851064,0.6581196581196581,0.1422924901185771
F1,SoftMax (linear),2,0.5270092226613966,0.4506747322868973,0.6363636363636364,0.10638297872340426,0.6837606837606838,0.12779973649538867
F1,SoftMax (quad),0,0.5599472990777339,0.5308780049886036,0.6045454545454545,0.35106382978723405,0.6438746438746439,0.25823451910408435
F1,SoftMax (quad),1,0.525691699604743,0.5033795685622291,0.5954545454545455,0.3351063829787234,0.584045584045584,0.2924901185770751
F1,SoftMax (quad),2,0.5072463768115942,0.47923286784388824,0.5409090909090909,0.2978723404255319,0.5982905982905983,0.2898550724637681
F1,NN (1 hidden),0,0.5704874835309618,0.4247049674930247,0.6136363636363636,0.0,0.8490028490028491,0.006587615283267457
F1,NN (1 hidden),1,0.5652173913043478,0.4134253546998378,0.4954545454545455,0.005319148936170213,0.9088319088319088,0.005270092226613966
F1,NN (1 hidden),2,0.544137022397892,0.3955953345222812,0.45454545454545453,0.010638297872340425,0.886039886039886,0.013175230566534914
F2,GDA,0,0.5902503293807642,0.4648856912298651,0.6954545454545454,0.03723404255319149,0.8205128205128205,0.030303030303030304
F2,GDA,1,0.5757575757575758,0.45391873730624327,0.6545454545454545,0.0425531914893617,0.811965811965812,0.03162055335968379
F2,GDA,2,0.5520421607378129,0.42334290088636467,0.5954545454545455,0.026595744680851064,0.8062678062678063,0.025032938076416336
F2,SVM (linear),0,0.5757575757575758,0.5404159736360393,0.6681818181818182,0.31382978723404253,0.6581196581196581,0.22397891963109354
F2,SVM (linear),1,0.538866930171278,0.5188133357318462,0.6045454545454545,0.3723404255319149,0.5868945868945868,0.2898550724637681
F2,SVM (linear),2,0.5138339920948617,0.4785446624416075,0.5772727272727273,0.26063829787234044,0.6096866096866097,0.24769433465085638
F2,SVM (poly5),0,0.4413702239789196,0.44442384722391576,0.33636363636363636,0.6436170212765957,0.39886039886039887,0.5849802371541502
F2,SVM (poly5),1,0.40974967061923584,0.41349531805390516,0.3181818181818182,0.675531914893617,0.3247863247863248,0.6324110671936759
F2,SVM (poly5),2,0.40711462450592883,0.40538446419414703,0.2818181818181818,0.6329787234042553,0.3646723646723647,0.61133069828722
F2,SVM (RBF),0,0.5638998682476943,0.5353599060383376,0.65,0.34574468085106386,0.6267806267806267,0.2516469038208169
F2,SVM (RBF),1,0.5111989459815547,0.49151923702495287,0.5863636363636363,0.3404255319148936,0.5555555555555556,0.29907773386034253
F2,SVM (RBF),2,0.5177865612648221,0.48917956656346745,0.5363636363636364,0.324468085106383,0.6096866096866097,0.27931488801054016
F2,SoftMax (linear),0,0.5718050065876152,0.5154747751479468,0.6954545454545454,0.2074468085106383,0.6894586894586895,0.15810276679841898
F2,SoftMax (linear),1,0.5573122529644269,0.5139597454114039,0.6636363636363637,0.2553191489361702,0.6524216524216524,0.1857707509881423
F2,SoftMax (linear),2,0.5375494071146245,0.4838320171455588,0.6318181818181818,0.19680851063829788,0.6609686609686609,0.17786561264822134
F2,SoftMax (quad),0,0.5625823451910409,0.5384835138898881,0.6181818181818182,0.3723404255319149,0.6296296296296297,0.2753623188405797
F2,SoftMax (quad),1,0.5204216073781291,0.500491171083668,0.5818181818181818,0.35106382978723405,0.5726495726495726,0.2977602108036891
F2,SoftMax (quad),2,0.5270092226613966,0.5011283142276531,0.5545454545454546,0.34574468085106386,0.6068376068376068,0.2885375494071146
F2,NN (1 hidden),0,0.5718050065876152,0.4583158864107489,0.6681818181818182,0.05319148936170213,0.7891737891737892,0.039525691699604744
F2,NN (1 hidden),1,0.5428194993412385,0.44862647899587954,0.6090909090909091,0.0851063829787234,0.7464387464387464,0.07246376811594203
F2,NN (1 hidden),2,0.5520421607378129,0.4520268763243002,0.6181818181818182,0.07446808510638298,0.7663817663817664,0.07378129117259552
F3,GDA,0,0.5296442687747036,0.5009394251988025,0.6045454545454545,0.30851063829787234,0.6011396011396012,0.2516469038208169
F3,GDA,1,0.5019762845849802,0.47431241367747906,0.5409090909090909,0.30851063829787234,0.5811965811965812,0.2608695652173913
F3,GDA,2,0.5270092226613966,0.49040474615980933,0.5181818181818182,0.30851063829787234,0.6495726495726496,0.22793148880105402
F3,SVM (linear),0,0.5138339920948617,0.4904959720624391,0.6,0.324468085106383,0.5612535612535613,0.27009222661396576
F3,SVM (linear),1,0.5217391304347826,0.5026173684608359,0.5954545454545455,0.3776595744680851,0.5527065527065527,0.28063241106719367
F3,SVM (linear),2,0.5217391304347826,0.4981662308155528,0.5409090909090909,0.3670212765957447,0.5925925925925926,0.2872200263504611
F3,SVM (poly5),0,0.5032938076416338,0.38079667871055856,0.2636363636363636,0.0851063829787234,0.8774928774928775,0.08695652173913043
F3,SVM (poly5),1,0.5006587615283268,0.37197758188292757,0.19090909090909092,0.12234042553191489,0.8974358974358975,0.08959156785243742
F3,SVM (poly5),2,0.5125164690382081,0.39296814296814303,0.21818181818181817,0.14361702127659576,0.8945868945868946,0.10013175230566534
F3,SVM (RBF),0,0.5111989459815547,0.4619462636323652,0.5727272727272728,0.18617021276595744,0.6467236467236467,0.19235836627140976
F3,SVM (RBF),1,0.525691699604743,0.4755835370439929,0.5272727272727272,0.22872340425531915,0.6837606837606838,0.1857707509881423
F3,SVM (RBF),2,0.5520421607378129,0.4982728936515399,0.5136363636363637,0.2553191489361702,0.7350427350427351,0.1831357048748353
F3,SoftMax (linear),0,0.5428194993412385,0.5153810665125812,0.6318181818181818,0.32978723404255317,0.6011396011396012,0.2503293807641634
F3,SoftMax (linear),1,0.5401844532279315,0.5189821010157786,0.5727272727272728,0.40425531914893614,0.5925925925925926,0.27140974967061926
F3,SoftMax (linear),2,0.530961791831357,0.5038738436709714,0.5545454545454546,0.35106382978723405,0.6125356125356125,0.27009222661396576
F3,NN (1 hidden),0,0.5520421607378129,0.4948381025120172,0.5863636363636363,0.2127659574468085,0.7122507122507122,0.13306982872200263
F3,NN (1 hidden),1,0.5059288537549407,0.45319710810920216,0.5545454545454546,0.19148936170212766,0.6438746438746439,0.14888010540184454
F3,NN (1 hidden),2,0.5507246376811594,0.4827693755461451,0.5181818181818182,0.19680851063829788,0.7606837606837606,0.12779973649538867
