feature_set,model,n_features,cv_acc,train_acc,test_acc,macro_f1,recall_loss,recall_draw,recall_win,draw_pred_share,best_params,rob_acc,rob_std,rob_draw,rob_f1
F1,GDA,2,0.5725610452313765,0.5735488126649076,0.5704874835309618,0.4178168498168498,0.5681818181818182,0.0,0.8774928774928775,0.0,"{""clf__reg_param"": ""0.9""}",0.5638998682476943,0.006718075775484568,0.0,0.41404219100317696
F1,SVM (linear),2,0.5709103365031727,0.5699208443271768,0.5744400527009222,0.4228929572818736,0.6,0.0,0.8660968660968661,0.0,"{""clf__C"": ""0.01""}",0.5631093544137022,0.008415662409839984,0.0,0.4138231778946676
F1,SVM (poly5),2,0.5214369212868569,0.5217678100263852,0.5151515151515151,0.3234900595325383,0.1954545454545454,0.0,0.9914529914529916,0.0,"{""clf__C"": ""1""}",0.5212121212121212,0.009753230842330327,0.0,0.3397516265323242
F1,SVM (RBF),2,0.5676089190467646,0.5722295514511874,0.5757575757575758,0.4375871454594084,0.5772727272727273,0.026595744680851,0.8689458689458689,0.0158102766798418,"{""clf__C"": ""1""}",0.5594202898550724,0.009203820393450872,0.01702127659574464,0.42143464272270403
F1,SoftMax (linear),2,0.5712398257947705,0.5715699208443272,0.5744400527009222,0.422371302604284,0.5954545454545455,0.0,0.8689458689458689,0.0,"{""clf__C"": ""0.01""}",0.564163372859025,0.010264849107131767,0.0,0.4157579581971886
F1,SoftMax (quad),2,0.5709108802148749,0.5722295514511874,0.5718050065876152,0.4194738658384433,0.5818181818181818,0.0,0.8717948717948718,0.0,"{""clf__C"": ""0.01""}",0.5638998682476943,0.010415934322030291,0.0,0.41521012006662295
F1,NN (1 hidden),2,0.5689312259067751,0.5695910290237467,0.5718050065876152,0.4432369719881587,0.5954545454545455,0.0372340425531914,0.8433048433048433,0.0316205533596837,"{""clf__alpha"": ""0.1"", ""clf__hidden_layer_sizes"": ""(16,)""}",0.5567852437417654,0.010928295838380864,0.00957446808510636,0.41240673619448753
F2,GDA,10,0.5669504841752708,0.5735488126649076,0.5625823451910409,0.4348550160601198,0.6227272727272727,0.026595744680851,0.811965811965812,0.0355731225296442,"{""clf__reg_param"": ""0.5""}",0.5662714097496706,0.01766169020125186,0.031914893617021226,0.4413793840288339
F2,SVM (linear),10,0.5765149167305529,0.5788258575197889,0.5704874835309618,0.4210492983648405,0.6181818181818182,0.0,0.8461538461538461,0.0,"{""clf__C"": ""0.1""}",0.5673254281949933,0.014894421882542913,0.0031914893617021197,0.422925063759341
F2,SVM (poly5),10,0.5234154881715519,0.5488126649076517,0.5032938076416338,0.3117251956725764,0.1818181818181818,0.0,0.9743589743589745,0.0013175230566534,"{""clf__C"": ""0.1""}",0.5225296442687747,0.00825951410732937,0.0,0.3439144386143903
F2,SVM (RBF),10,0.5643183758244029,0.5758575197889182,0.5612648221343873,0.4095331192105385,0.5545454545454546,0.0,0.8660968660968661,0.0,"{""clf__C"": ""0.1""}",0.5667984189723321,0.009427427573121622,0.0,0.41675567325747676
F2,SoftMax (linear),10,0.5755280799908655,0.5755277044854882,0.5704874835309618,0.4207448037235271,0.6045454545454545,0.0,0.8547008547008547,0.0039525691699604,"{""clf__C"": ""0.01""}",0.5704874835309618,0.012739841637558418,0.006382978723404239,0.42693475561386374
F2,SoftMax (quad),10,0.5666237134421844,0.5742084432717678,0.5678524374176548,0.4197646061554512,0.509090909090909,0.0159574468085106,0.9002849002849003,0.0052700922266139,"{""clf__C"": ""0.001""}",0.56600790513834,0.009573597957620535,0.0106382978723404,0.4197400854146994
F2,NN (1 hidden),10,0.5610196769265066,0.5590369393139841,0.544137022397892,0.4449673219357214,0.6272727272727273,0.0691489361702127,0.7464387464387464,0.0737812911725955,"{""clf__alpha"": ""1.0"", ""clf__hidden_layer_sizes"": ""(32,)""}",0.5480895915678524,0.016216776844652375,0.07446808510638295,0.44794723853885393
F3,GDA,280,0.5158361470413928,0.6421503957783641,0.4914361001317523,0.4683210511197614,0.5,0.3457446808510638,0.5641025641025641,0.2793148880105401,"{""clf__reg_param"": ""0.9""}",0.513570487483531,0.01546055906372174,0.30744680851063827,0.4834775444321945
F3,SVM (linear),280,0.5600274030697963,0.6306068601583114,0.538866930171278,0.4567867307881048,0.4954545454545455,0.1436170212765957,0.7777777777777778,0.1080368906455863,"{""clf__C"": ""0.01""}",0.5530961791831357,0.01928270500814303,0.11595744680851058,0.4629191150327854
F3,SVM (poly5),280,0.4759260769569543,0.6777704485488126,0.4795783926218709,0.2879644228006387,0.1181818181818181,0.0159574468085106,0.9544159544159544,0.0171277997364953,"{""clf__C"": ""1""}",0.47641633728590244,0.006561211909348435,0.014893617021276558,0.2830738091817483
F3,SVM (RBF),280,0.5659685408409045,0.7770448548812665,0.5401844532279315,0.4291707682850971,0.4727272727272727,0.0744680851063829,0.8319088319088319,0.061923583662714,"{""clf__C"": ""1""}",0.5565217391304348,0.007992490586615632,0.061702127659574425,0.4441024486492949
F3,SoftMax (linear),280,0.5659701719760115,0.5953166226912929,0.5401844532279315,0.4240789992119779,0.5136363636363637,0.0531914893617021,0.8176638176638177,0.0474308300395256,"{""clf__C"": ""0.001""}",0.5615283267457181,0.014800892405779848,0.057446808510638284,0.44377802703374825
F3,NN (1 hidden),280,0.5339814376824832,0.679089709762533,0.5230566534914362,0.458281436970898,0.4772727272727273,0.1914893617021276,0.7293447293447294,0.1646903820816864,"{""clf__alpha"": ""1.0"", ""clf__hidden_layer_sizes"": ""(8,)""}",0.5304347826086957,0.021860562353818176,0.17234042553191484,0.4646521904436433
